"","naics2","PWCOUNTY","PERWT.sum","cntyind","ainsemp","p_ainsemp","einsemp","p_einsemp","looking4work","p_looking4work","trantime","NPBOSS90","SEI","HWSEI","PRENT","PRESGL","UHRSWORK","WKSWORK1","p_burd"
"1",11,25,6772,"2511",6245,0.922179562906084,3301,0.487448316597755,97,0.0143236857649144,21.0565564087419,224.36045481394,17.1952155936208,2136.18281157708,302.600265800354,251.613851151802,43.5208210277614,41.706438275251,0.174703182930615
"2",11,37,19964,"3711",15927,0.797786014826688,9306,0.466139050290523,138,0.00691244239631336,24.3314966940493,214.613454217592,14.2089260669205,2074.53000400721,300.221298337007,254.626928471248,40.2116810258465,44.7415848527349,0.263004030785551
"3",11,59,10994,"5911",9415,0.856376205202838,4976,0.452610514826269,NA,NA,23.2279425140986,262.271875568492,16.7979807167546,2215.68501000546,322.198744769874,284.169910860469,41.7841549936329,43.8958522830635,0.267614898308457
"4",11,65,14783,"6511",13386,0.905499560305757,5736,0.38801325847257,NA,NA,18.9355340593925,242.261313671109,16.9025908137726,2200.87702090239,296.978894676317,265.207468037611,43.8931881214909,45.9434485557735,0.232174716561814
"5",11,71,5461,"7111",5136,0.940487090276506,3823,0.700054934993591,NA,NA,29.8699871818348,281.409265702252,19.8600988829885,2360.7974729903,329.827504120125,284.917963742904,42.7839223585424,43.0836843069035,0.215159181086881
"6",11,111,23400,"11111",9980,0.426495726495726,6756,0.288717948717949,102,0.00435897435897436,24.3454700854701,187.166324786325,11.9838034188034,1898.62055555556,278.600982905983,227.323717948718,38.801282051282,46.7307264957265,0.251477732435908
"7",21,25,152,"2521",152,1,152,1,NA,NA,70,390,27,2919,435,328,50,52,0.352040050062578
"8",21,37,2794,"3721",2691,0.963135289906943,2165,0.774874731567645,NA,NA,43.4910522548318,512.304223335719,41.5068002863278,3529.10594130279,470.381173944166,398.803865425913,42.8725841088046,47.9545454545455,0.166793547476101
"9",21,59,1088,"5921",1088,1,999,0.918198529411765,NA,NA,12.5854779411765,644.374080882353,55.9025735294118,3923.10845588235,457.876838235294,446.386948529412,45.1930147058824,49.8768382352941,0.253149631857462
"10",21,65,833,"6521",833,1,515,0.618247298919568,NA,NA,31.0420168067227,427.912364945978,25.6062424969988,3062.44897959184,345.674669867947,403.521008403361,45.7623049219688,52,0.127665585930304
"11",21,71,757,"7121",757,1,631,0.833553500660502,NA,NA,50.1783355350066,452.297225891678,31.3606340819022,3116.0858652576,437.504623513871,368.638044914135,53.9022457067371,52,0.10584057307523
"12",21,111,628,"11121",628,1,628,1,NA,NA,32.2802547770701,624.914012738854,60.9140127388535,4255.36624203822,530.993630573248,481.105095541401,56.8519108280255,52,0.234578039486019
"13",22,25,2041,"2522",1999,0.979421852033317,1999,0.979421852033317,NA,NA,13.3145516903479,585.708966193043,48.829005389515,3867.78539931406,444.549240568349,400.414502694757,48.2253797158256,52,0.0988363392655927
"14",22,37,30502,"3722",30037,0.984755098026359,27672,0.907219198741066,42,0.00137695888794177,26.4088584355124,577.174119729854,49.658022424759,4094.89056455314,479.475280309488,427.765294079077,43.0935676349092,50.9958035538653,0.234783356748625
"15",22,59,7013,"5922",6953,0.991444460288036,6601,0.941251960644517,NA,NA,24.3516326821617,604.988735206046,53.3376586339655,4195.36147155283,479.787537430486,437.215884785399,41.9830315129046,49.4995009268501,0.208665437986289
"16",22,65,8715,"6522",8715,1,7408,0.850028686173264,NA,NA,31.7186460126219,538.077337923121,46.0219162363741,3769.93138267355,440.062421113024,403.265519219736,40.8800917957544,51.6699942627653,0.160130005198352
"17",22,71,7922,"7122",7647,0.96528654380207,7457,0.941302701338046,NA,NA,24.9108810906337,592.444837162333,52.9745013885383,4116.41428932088,479.703357737945,423.514642766978,39.7643271901035,51.1216864428175,0.165177024634835
"18",22,111,2114,"11122",2074,0.981078524124882,1879,0.88883632923368,NA,NA,27.7180700094607,561.800851466414,53.0345316934721,4335.58514664144,488.613528855251,434.345789971618,40.9815515610218,51.1466414380322,0.213997394388035
"19",23,25,2047,"2523",1517,0.741084513922814,1238,0.604787493893503,NA,NA,22.7186126038105,441.197850512946,32.704445530044,3225.87298485589,476.987787005374,364.881289692233,43.2149487054226,50.9506595017098,0.124018112648442
"20",23,37,293081,"3723",215204,0.734281649100419,130381,0.444863365417751,3376,0.011518999866931,36.0571821441854,381.873710680665,32.0793432532303,3205.4335866194,430.711874874182,348.963180827143,39.6372504529465,46.5800921929432,0.266921284453806
"21",23,59,106454,"5923",89008,0.836117008285269,63632,0.597741747609296,1087,0.0102109831476506,34.8941796456686,440.090236158341,38.1189809683056,3443.44221917448,448.925507731039,379.909848385218,40.1820222819246,47.8699532192308,0.244496446382053
"22",23,65,80544,"6523",65544,0.813766388557807,46211,0.573736094557012,246,0.00305423122765197,34.7446613031387,385.198102900278,33.4050581048868,3217.59305472785,430.621411899086,362.231463547874,39.4738528009535,47.6702920143027,0.207575282011993
"23",23,71,65222,"7123",53323,0.817561558983165,37027,0.567707215356781,548,0.00840207292018031,33.5336082916807,384.609211615712,32.9721566342645,3186.25091226887,430.480236729938,354.621201435099,40.2903774799914,48.4649811413327,0.181745203472127
"24",23,111,22745,"11123",18048,0.793493075401187,11573,0.508815124203122,502,0.0220707847878655,30.7639041547593,401.144339415256,33.7950318751374,3256.32222466476,441.215915585843,364.737612662124,40.0604968124863,47.424488898659,0.268092225481451
"25",31,25,765,"2531",765,1,623,0.81437908496732,NA,NA,28.4313725490196,342.177777777778,22.1555555555556,2465.64052287582,333.824836601307,334.098039215686,42.8039215686275,50.0418300653595,0.117290022917479
"26",31,37,88494,"3731",73398,0.829412163536511,45929,0.519006938323502,1073,0.0121251158270617,26.1412073134902,366.065902773069,34.5651908603973,2770.05374375664,365.972167604583,355.030668745904,39.3472551811422,46.6457160937465,0.298116604576856
"27",31,59,20754,"5931",18569,0.894719090295847,14246,0.68642189457454,187,0.00901031126529826,20.9611641129421,477.043798785776,44.4797147537824,3351.01570781536,414.760817191867,394.534547557097,38.8253348752048,45.8177218849378,0.242933036148456
"28",31,65,9430,"6531",7991,0.847401908801697,4769,0.505726405090138,94,0.00996818663838812,22.9908801696713,354.871261930011,31.450901378579,2772.25493107105,353.803181336161,334.717073170732,41.0264050901379,46.5973488865323,0.198022207942846
"29",31,71,13917,"7131",12176,0.874901199971258,8549,0.614284687791909,260,0.0186821872529999,23.9826111949414,388.034418337285,35.4498095853992,2921.84551268233,367.423223395847,351.39771502479,39.386290148739,47.7830710641661,0.163562036569187
"30",31,111,4675,"11131",4356,0.931764705882353,2859,0.611550802139037,NA,NA,20.6027807486631,449.40513368984,40.2014973262032,3150.15935828877,407.169197860963,394.667807486631,41.3416042780749,49.0282352941176,0.242812758231318
"31",32,25,428,"2532",323,0.754672897196262,210,0.490654205607477,NA,NA,24.2406542056075,379.897196261682,25.6191588785047,2964.23831775701,380.761682242991,320.598130841121,40.8714953271028,50.7102803738318,0.193484082402932
"32",32,37,80470,"3732",72857,0.905393314278613,58064,0.721560830123027,622,0.00772958866658382,26.498334783149,503.68221697527,44.4298123524295,3596.77381632907,433.769827264819,404.885684105878,41.6198210513235,48.8238349695539,0.251187955516314
"33",32,59,37605,"5932",34051,0.905491291051722,26583,0.706900678101316,278,0.00739263395825023,21.9658556043079,563.183991490493,49.1998138545406,3861.64371759075,466.777955059168,421.931897354075,42.2738731551655,49.2481053051456,0.235016177085823
"34",32,65,12701,"6532",10954,0.862451775450752,8163,0.64270529879537,89,0.00700732225808991,27.9257538776474,432.4661050311,35.6730178726085,3131.2310841666,394.079442563578,360.580820407842,42.1584127234076,50.1689630737737,0.211245663991455
"35",32,71,19466,"7132",17326,0.890064728244118,13241,0.680211651083941,283,0.0145381691153807,29.249511969588,423.64574129251,35.6804171375732,3154.01972670297,384.968406452276,355.008065344704,41.1585328264667,49.686735847118,0.173229049759891
"36",32,111,10794,"11132",10654,0.987029831387808,8362,0.774689642393923,208,0.0192699647952566,19.9994441356309,567.587455994071,51.6023716879748,4074.69232907171,462.077079859181,439.317027978507,42.0394663702057,50.9911061700945,0.234089989960656
"37",33,25,991,"2533",991,1,842,0.849646821392533,NA,NA,24.7325933400605,500.769929364278,42.7245206861756,3644.2805247225,430.174571140262,373.009081735621,40.6962663975782,50.9868819374369,0.385227233166443
"38",33,37,227590,"3733",209223,0.919297860187179,169763,0.745915901401643,1844,0.00810228920427084,25.5732237796037,561.918247726174,48.1707939716156,3926.07049079485,471.697548222681,431.830950393251,41.5309328177864,48.9987257788128,0.23775305714245
"39",33,59,126521,"5933",120112,0.949344377613203,100910,0.797575106108867,531,0.00419693173465274,22.8931481730306,606.008243690771,52.9899384291936,4196.77617154464,491.256099777902,451.127117237455,41.4957200780898,49.2032943147778,0.218374284414278
"40",33,65,40379,"6533",36987,0.915995938482875,29622,0.733599148072018,289,0.00715718566581639,25.4733153371802,513.668491047327,44.5510290002229,3661.19829614404,450.348052205354,413.430545580624,41.1664231407415,49.0713489685232,0.20752454644666
"41",33,71,36426,"7133",33129,0.909487728545544,26915,0.738895294569813,262,0.00719266458024488,25.4320540273431,493.323148300664,42.0463405259979,3519.66935705265,429.995442815571,396.429830340965,41.632103442596,49.1900291000933,0.207519760042814
"42",33,111,22821,"11133",21657,0.948994347311687,18387,0.805705271460497,209,0.00915823145348582,20.3615967749003,567.620875509399,49.2199290127514,4020.81284781561,475.402830726086,436.448358967618,41.9097322641427,49.2860523202314,0.218561290778343
"43",42,25,1070,"2542",1070,1,683,0.638317757009346,NA,NA,13.0355140186916,381.131775700935,38.3308411214953,3065.12242990654,373.793457943925,343.399065420561,44.1990654205607,51.7588785046729,0.230597929553814
"44",42,37,148882,"3742",128590,0.863704141534907,89453,0.600831531011136,1022,0.00686449671551967,25.1014561867788,497.759245577034,45.6324203060142,3434.86424819656,403.520190486425,384.12274149998,40.3464824491879,48.2228812079365,0.270752772171256
"45",42,59,48397,"5942",44770,0.925057338264768,33883,0.700105378432547,268,0.00553753331818088,19.8422009628696,575.03285327603,54.0601276938653,3856.80606235924,449.961712502841,425.460400438044,40.8811289955989,49.1832758228816,0.239039089006584
"46",42,65,25604,"6542",22626,0.883690048429933,18594,0.726214653960319,382,0.0149195438212779,24.0901031088892,471.808194032182,45.2180128104984,3456.74195438213,395.894118106546,385.153140134354,41.4680518668958,49.9740665521012,0.207504335510458
"47",42,71,28488,"7142",26411,0.927092108958158,19492,0.684217916315642,117,0.00410699241786015,24.1354605447908,429.992944397641,37.3933586071328,3162.10737854535,370.021588037068,354.826418140972,41.9222830665543,49.1052723953946,0.219034847289934
"48",42,111,11795,"11142",10408,0.882407799915218,7180,0.608732513777024,395,0.0334887664264519,14.2440864773209,504.738024586689,48.1909283594744,3477.0666384061,424.584569732938,393.450445103858,41.4170411191183,48.904111911827,0.23486880061369
"49",44,25,5180,"2544",4683,0.904054054054054,3071,0.592857142857143,122,0.0235521235521236,22.4247104247104,347.726447876448,49.1042471042471,2961.69208494208,367.728764478765,378.820849420849,33.1650579150579,49.4364864864865,0.134557797478975
"50",44,37,296990,"3744",262139,0.882652614566147,174061,0.586083706522105,3893,0.0131081854607899,23.7245462810196,360.082097040304,45.6552543856696,3078.5156099532,379.104030438735,376.332294016634,36.4947944375231,46.4068790194956,0.272924332309175
"51",44,59,98781,"5944",91552,0.926817910326885,64395,0.651896619795305,1465,0.0148307872971523,21.5897895344246,384.912493293245,47.1187981494417,3186.68822951782,388.712475071117,384.47305655946,36.739686781871,46.2039663498041,0.256390520880317
"52",44,65,69349,"6544",62837,0.906098141285383,42818,0.617427792758367,479,0.00690709310876869,22.3876479833884,332.483957951809,42.2065206419703,2972.72859017434,362.898974750898,357.305166621004,37.0524881396992,47.5695972544665,0.215962902249463
"53",44,71,77165,"7144",68752,0.890973887124992,46404,0.601360720533921,1255,0.0162638501911488,23.3348927622627,321.985381973693,40.0899112291842,2878.51457266896,356.434899241884,349.788505151299,36.4369597615499,47.1455323009136,0.187964624723149
"54",44,111,25838,"11144",23747,0.919072683644245,15556,0.602058982893413,481,0.0186159919498413,19.4335474881957,382.812678999923,48.8533555228733,3193.05979564982,387.510952860128,384.056041489279,34.888304048301,46.6168821116185,0.252174599345254
"55",45,25,1873,"2545",1873,1,1471,0.785371062466631,NA,NA,9.58675920982381,256.680192205019,37.9273892151628,2851.25787506674,320.589428723972,325.692471970101,34.0453817405232,50.3085958355579,0.14712522127946
"56",45,37,145407,"3745",129006,0.887206255544781,81202,0.558446292131741,1367,0.00940119801660168,21.2299889276307,374.919770024827,46.7243461456464,3174.03237808359,374.691012124588,372.770760692401,35.2069845330692,44.875824410104,0.283686395507663
"57",45,59,50169,"5945",45919,0.915286332197174,31272,0.623333134007056,554,0.0110426757559449,20.0005182483207,384.449939205485,48.7447228368116,3203.22862723993,382.640275867568,382.680101257749,33.4462118041021,44.7093623552393,0.281690458864027
"58",45,65,41259,"6545",39008,0.945442206548874,28706,0.695751230034659,448,0.0108582369907172,23.0565694757507,327.764463510992,39.8598124045663,2919.65188201362,341.371773431251,345.229816524879,36.9027363726702,45.6088853341089,0.231084991679833
"59",45,71,44818,"7145",38972,0.869561336962827,27039,0.603306707126601,147,0.00327993217011022,24.3016645097952,331.560132089785,38.994979695658,2943.33830157526,344.154982373154,340.411888080682,34.9699451113392,45.9810344058191,0.202408098261161
"60",45,111,12939,"11145",11419,0.882525697503671,7398,0.571759795965685,187,0.0144524306360615,18.454208207744,381.649663807095,45.7446479635211,3213.88623541232,377.14784759255,370.659401808486,33.2278383182626,44.5671999381714,0.271714022852509
"61",48,25,726,"2548",726,1,561,0.772727272727273,NA,NA,15.004132231405,325.823691460055,18.0977961432507,2562.86639118457,341.865013774105,319.873278236915,46.3512396694215,52,0.241065377843676
"62",48,37,166535,"3748",141994,0.852637583691116,98260,0.590026120635302,2062,0.0123817816074699,29.5524424295193,408.61361875882,30.1086138049059,3156.41937130333,363.706229921638,343.534950610983,41.5834629357192,47.3058576275257,0.249635686895227
"63",48,59,26856,"5948",24090,0.897006255585344,16203,0.603328865058088,515,0.0191763479296991,22.7242701817099,412.759830205541,30.4896484956807,3187.09886058981,365.454795948764,347.234696157283,40.4785522788204,48.1650655347036,0.241821123831072
"64",48,65,24059,"6548",19947,0.829086828213974,12919,0.536971611455173,118,0.0049046095016418,30.4405420009144,385.628704434931,25.6258780497943,2937.59054823559,346.507336132009,328.630990481732,41.6405918782992,49.4427449187414,0.19213499027375
"65",48,71,43578,"7148",35593,0.81676534030933,23342,0.535637248152738,415,0.00952315388498784,29.3403781724723,394.987493689476,26.4046537243563,2920.19977970536,345.489444214971,342.700032126302,43.3626830051861,47.7735095690486,0.217122366521497
"66",48,111,5543,"11148",4763,0.859281977268627,3379,0.609597690781165,NA,NA,22.426123038066,418.343496301642,30.2850441998918,3083.7140537615,369.823741656143,350.57586144687,41.0303084972037,49.6851885260689,0.231658614390038
"67",49,25,849,"2549",764,0.899882214369847,673,0.792697290930506,NA,NA,19.4051825677267,287.037691401649,17.020023557126,2559.26501766784,281.951707891637,245.474676089517,35.50765606596,37.0412249705536,0.289494955180866
"68",49,37,115731,"3749",97136,0.839325677649031,69225,0.598154340669311,1388,0.0119933293585988,26.2608635542767,347.485911294295,30.6628388245155,2989.20263369365,322.35172944155,300.574660203403,38.3303090788121,46.0095825664688,0.263275945299163
"69",49,59,25225,"5949",22293,0.883766105054509,16886,0.669415262636273,291,0.0115361744301288,23.118414271556,373.224420218038,33.4095540138751,3137.74917740337,332.703746283449,313.223825569871,36.9729633300297,46.1145292368682,0.253521513652583
"70",49,65,39301,"6549",34297,0.872674995547187,24376,0.620238670771736,191,0.0048599272283148,27.0560545533193,335.808452711127,30.2246762168902,2869.48100557238,318.69586015623,300.513549273555,36.6732653113152,45.1774255108012,0.204070555707116
"71",49,71,60417,"7149",53472,0.885048910074979,37225,0.616134531671549,1389,0.0229902179850042,26.4024032970853,289.52175712134,23.8924143866792,2611.93376036546,298.851962196071,278.149593657414,38.9588691924458,46.7818991343496,0.199666950784305
"72",49,111,4869,"11149",4190,0.860546313411378,3240,0.66543438077634,NA,NA,19.7870199219552,348.288354898336,29.152392688437,3026.14746354488,331.263914561512,308.422057917437,33.9644690901623,39.4181556787841,0.200207415565454
"73",51,25,35,"2551",35,1,35,1,NA,NA,5,808,68,4788,565,503,40,52,0.0293877551020408
"74",51,37,204598,"3751",195543,0.955742480376152,161042,0.787114243540993,2611,0.0127616105729284,16.9455224391245,662.412306083148,60.2849685725178,4736.68691287305,522.211668735765,469.722577933313,42.6942540982805,46.0105426250501,0.255761089380315
"75",51,59,28676,"5951",26707,0.931336309108662,22221,0.774898870135305,94,0.00327800251081043,17.3369716836379,671.174605942251,62.5027549170038,4711.20365462408,512.567861626447,477.465371739434,39.3039475519598,45.2838261961222,0.204277502132601
"76",51,65,13882,"6551",13439,0.96808817173318,11423,0.822864140613744,191,0.0137588243768909,12.7836046679153,656.906281515632,57.6192191326898,4555.35203861115,506.415141910388,451.707534937329,41.0949430917735,48.7091917591125,0.211762112110193
"77",51,71,8198,"7151",7240,0.883142229812149,5101,0.622224932910466,NA,NA,15.1246645523298,615.335569651134,57.1862649426689,4522.66967553062,480.752256647963,438.723957062698,38.6233227616492,47.2860453769212,0.18620998828486
"78",51,111,5873,"11151",5628,0.958283671036949,4533,0.771837221181679,NA,NA,10.0352460412055,654.580452920143,60.4270389919973,4754.21896815937,513.057040694705,463.595777285885,38.6660990975651,44.1145922016005,0.290880677156859
"79",52,25,1088,"2552",1088,1,967,0.888786764705882,NA,NA,10.703125,791.164522058824,69.0018382352941,4836.61121323529,529.019301470588,503.601102941176,39.8777573529412,49.546875,0.0754360357587579
"80",52,37,172051,"3752",166073,0.96525448849469,139022,0.808027852206613,1534,0.00891596096506268,17.5294244148537,683.556149048829,63.586907370489,4598.31275028916,513.710178958565,480.284206427164,41.3767720036501,49.9704796833497,0.229486691908696
"81",52,59,88559,"5952",86609,0.977980781174132,73525,0.830237468806107,628,0.00709131765263835,16.4438058243657,700.720209126119,63.6042525322102,4695.63312593864,518.023713004889,477.662947865265,41.7188992648968,50.1954854955453,0.200083575497891
"82",52,65,27535,"6552",26192,0.951225712729254,20987,0.762193571817687,NA,NA,14.258253132377,644.464826584347,62.2825494824768,4460.35721808607,491.059633194117,474.511603413837,41.5628109678591,50.603450154349,0.212197831011334
"83",52,71,26058,"7152",24417,0.937025097858623,19933,0.764947424975056,443,0.0170005372630286,15.1348913961164,649.489177987566,61.8393583544401,4472.45533041676,498.891280988564,473.583774656535,39.0637424207537,49.3078900913347,0.184567254313751
"84",52,111,15914,"11152",15702,0.986678396380545,13279,0.834422521050647,58,0.00364458966947342,8.29477189895689,694.942000754053,64.8014955385195,4717.15231871308,522.167211260525,489.556365464371,41.1156843031293,49.9450169661933,0.226499311736648
"85",53,25,704,"2553",704,1,457,0.649147727272727,NA,NA,34.4460227272727,500.409090909091,42.5198863636364,3956.52698863636,428.100852272727,393.846590909091,34.0539772727273,44.5440340909091,0.270373258511484
"86",53,37,98937,"3753",90720,0.916947148185209,58412,0.590395908507434,1369,0.0138370882480771,18.969667566229,579.754591305578,48.5500065698374,4131.05952272658,445.493667687518,409.908456896813,39.0302920040025,47.316342723147,0.26560350841601
"87",53,59,44319,"5953",42451,0.957851034545003,28736,0.648390081003633,2508,0.0565897244973939,17.1473183059185,601.712899659288,51.5487037162391,4208.44766353031,459.849116631693,419.698368645502,38.5438525237483,47.6582504117873,0.232255435558427
"88",53,65,16695,"6553",14924,0.893920335429769,9007,0.539502845163223,203,0.0121593291404612,20.4613357292603,605.66133572926,49.4048517520216,4178.99994010183,447.01233902366,413.542437855645,38.774483378257,45.9514824797844,0.254700723136384
"89",53,71,12985,"7153",11888,0.915517905275318,7468,0.575125144397382,400,0.0308047747400847,26.6780130920293,587.982595302272,47.8917982287254,4224.01016557566,446.553330766269,408.315979976896,36.734693877551,47.0505198305737,0.183182831498619
"90",53,111,5326,"11153",5326,1,3251,0.610401802478408,101,0.0189635749155088,17.1500187758167,581.420578295156,55.581299286519,4255.6610965077,464.90161472024,429.092189260233,38.9481787457754,47.9410439354112,0.24418728763488
"91",54,25,1154,"2554",1020,0.883882149046794,850,0.736568457538995,NA,NA,18.4185441941075,635.199306759099,60.9159445407279,4656.18544194107,552.672443674177,524.855285961872,41.3639514731369,50.0866551126516,0.102823309140065
"92",54,37,405616,"3754",389911,0.961281113171078,302797,0.746511478837127,3107,0.0076599542424362,16.8338058656463,745.61681738393,68.1669312847619,5239.59387943276,575.239845075145,528.139000926985,40.6288903790777,47.9772642104848,0.230793246563327
"93",54,59,163971,"5954",159900,0.975172439028853,121779,0.742686206707284,1175,0.00716590128742278,15.7431131114648,757.770020308469,68.0512346695452,5209.07080520336,576.960340548024,524.794725896652,40.4392666995993,47.8568466375152,0.230174217888769
"94",54,65,40910,"6554",39041,0.954314348570032,28032,0.685211439745783,245,0.00598875580542655,14.2681495966756,712.67548276705,64.7291860180885,4936.51417746272,545.813713028599,507.82881935957,39.8252994377903,48.9237350281105,0.24332046904767
"95",54,71,41934,"7154",39738,0.947631993132065,29571,0.705179567892402,539,0.0128535317403539,24.6207373491677,689.627295273525,60.6243382458149,4792.3785233939,541.680187914342,487.754852864024,39.885081318262,47.7908379834979,0.197445626552555
"96",54,111,32443,"11154",31153,0.960237955799402,23745,0.731899022901704,207,0.00638042104614247,12.3819005640662,754.90105723885,67.4540887094288,5227.97654347625,573.554295225472,516.3557007675,38.9505594427149,47.8196837530438,0.252562398208478
"97",55,37,3670,"3755",3670,1,3369,0.917983651226158,NA,NA,18.5405994550409,661.788828337875,59.2427792915531,4512.83760217984,539.216621253406,472.887738419619,42.4643051771117,49.1471389645777,0.311868019909386
"98",55,59,2848,"5955",2848,1,2553,0.896418539325843,NA,NA,12.8648174157303,735.48981741573,61.0474016853933,4447.5158005618,530.146418539326,466.465238764045,42.8651685393258,47.8518258426966,0.238850767767854
"99",55,65,434,"6555",434,1,366,0.84331797235023,NA,NA,5.86405529953917,662.502304147465,63.8824884792627,4530.89631336406,553.603686635945,549.873271889401,39.0783410138249,46.6728110599078,0.346125237954766
"100",55,71,468,"7155",468,1,418,0.893162393162393,NA,NA,16.9444444444444,566.401709401709,50.491452991453,4401.22222222222,466.303418803419,418.692307692308,40,52,0.264767512081139
"101",55,111,262,"11155",262,1,262,1,NA,NA,10,740,65,5825,567,506,24,52,0.128735632183908
"102",56,25,1965,"2556",1965,1,715,0.363867684478371,90,0.0458015267175573,27.2391857506361,279.145038167939,19.5760814249364,2663.96946564886,338.97048346056,251.499745547074,38.7541984732824,37.8916030534351,0.233785885339693
"103",56,37,228042,"3756",180897,0.793261767569132,102796,0.450776611325984,3682,0.0161461485165013,28.0745827523,325.114724480578,26.4293200375369,2872.13730803975,354.511046210786,287.011901316424,37.2860744950492,46.6300900711272,0.284658437682203
"104",56,59,80730,"5956",65112,0.806540319583798,38233,0.473590982286634,704,0.00872042611173046,21.7470209339775,378.021949708906,31.2305586522978,3090.19031339031,381.419893472067,314.863384119906,37.8154960981048,46.3897188158058,0.249829276070062
"105",56,65,46024,"6556",36264,0.787936728663306,17694,0.384451590474535,832,0.0180775247696854,26.1416217625587,290.72948896228,23.6379932209282,2706.25280288545,339.58480358074,278.783069702764,37.3302624717539,47.6562228402573,0.251632111516828
"106",56,71,41640,"7156",33322,0.800240153698367,19054,0.457588856868396,1323,0.0317723342939481,29.7387608069164,333.765321805956,26.835734870317,2890.07490393852,358.540706051873,295.884606147935,38.8585014409222,46.2273775216138,0.234529229789159
"107",56,111,15728,"11156",12226,0.77733977619532,7578,0.481815869786368,275,0.0174847405900305,26.1068158697864,348.178280773143,28.7958418107833,2919.99834689725,361.128369786368,308.633138351984,39.6365717192269,47.6721134282808,0.239453532197055
"108",61,25,2346,"2561",1825,0.777919863597613,1028,0.438192668371697,56,0.0238704177323103,14.8081841432225,716.049019607843,71.2953964194373,5460.58866155158,618.780477408355,618.257885763001,40.3593350383632,48.1253196930946,0.147433769877394
"109",61,37,397398,"3761",383830,0.965857905676425,313304,0.78838846697769,1540,0.00387520822953311,20.7190448869899,631.454380746758,61.7123941237752,5052.03386529374,555.6163443198,524.304005052869,35.8088490631558,46.1444068666677,0.267746313245584
"110",61,59,136503,"5961",132402,0.969956704248258,107447,0.787140209372688,1118,0.00819029618396665,19.6305722218559,647.200603649737,63.925474165403,5164.82949092694,568.496282132993,538.996805931005,35.9239723669077,46.2979055405376,0.248251754514874
"111",61,65,78301,"6561",75917,0.969553390122732,65094,0.831330378922364,937,0.0119666415499163,18.9051480824,608.990817486367,60.0207660183139,4932.48443825749,544.175195719084,507.786094685892,36.6196472586557,46.4713605190227,0.218178371751531
"112",61,71,75332,"7161",71188,0.944990176817289,56708,0.752774385387352,1460,0.0193808739977699,21.1037142250305,592.396418520682,60.6336616577285,4872.67218446344,533.253504486805,509.396431795253,35.0686693569798,45.2533584665215,0.178685572647562
"113",61,111,28640,"11161",26235,0.916026536312849,22660,0.791201117318436,314,0.010963687150838,15.1991270949721,645.084113128492,62.0883379888268,5122.15886871508,561.361277932961,520.759601955307,35.7356145251397,45.0847067039106,0.253771906299579
"114",62,25,9193,"2562",8714,0.947895137604699,5803,0.631241161753508,65,0.00707059719351681,14.0754922223431,444.080278472751,31.0465571630588,3542.88219297291,495.581855759817,435.202001522898,34.2555205047319,48.0943108887197,0.141231364261538
"115",62,37,636520,"3762",598158,0.939731665933513,439419,0.690345943568152,4911,0.00771538993275938,25.3970747187834,565.355991956262,46.0050603280337,4277.65444447936,530.671780933828,482.925567146358,37.7563862879407,48.2639838496827,0.257326368290823
"116",62,59,200416,"5962",187646,0.936282532332748,139996,0.698527063707488,1009,0.00503452818138272,22.6447638911065,597.967886795465,48.6445692958646,4470.94474493054,548.5445174038,502.075517922721,38.219293868753,47.9305644259939,0.241045886155706
"117",62,65,110780,"6562",103702,0.936107600649937,77944,0.703592706264669,1554,0.0140278028525005,22.5415508214479,538.841830655353,43.8379581151832,4069.67147499549,522.456255641813,477.38277667449,37.4820093879762,48.9802040079437,0.216030938528828
"118",62,71,118034,"7162",110045,0.932316112306623,81590,0.691241506684515,1624,0.0137587474795398,22.9760153853974,531.954504634258,43.1121456529475,4104.38855753427,525.682998119186,477.429986275141,37.3637426504228,48.5742243760272,0.189989244790951
"119",62,111,44330,"11162",40467,0.912858109632303,30674,0.691946762914505,461,0.0103992781412136,18.5731558763817,555.711459508234,45.1830814346943,4244.49228513422,518.528716444845,477.096413264155,36.407308820212,46.8613354387548,0.227415582850755
"120",71,25,1088,"2571",1001,0.920036764705882,298,0.273897058823529,NA,NA,16.4586397058824,293.933823529412,29.7371323529412,3002.94944852941,348.361213235294,279.434742647059,37.078125,49.5818014705882,0.156499810118194
"121",71,37,126276,"3771",115169,0.912041876524439,76676,0.607209604358706,1952,0.0154582026671735,20.3313297855491,516.049478919193,52.7127720231873,4159.26919604675,466.656237131363,430.649189077893,36.5577306851658,42.1694779688935,0.285119473438777
"122",71,59,39995,"5971",37193,0.929941242655332,25680,0.642080260032504,60,0.00150018752344043,21.6740092511564,374.085510688836,41.0998874859357,3471.61545193149,403.045755719465,364.926690836355,32.8342292786598,39.7760470058757,0.262998104301871
"123",71,65,22907,"6571",20722,0.904614310036233,14231,0.621251145937923,604,0.0263674859213341,25.259920548304,358.865674248046,37.1847033657834,3284.71707338368,378.640677522155,336.81346313354,32.1745318025058,43.8584275548959,0.209428839637895
"124",71,71,11843,"7171",10600,0.89504348560331,6594,0.556784598497002,330,0.027864561344254,25.2419994933716,425.962678375412,41.1338343325171,3579.40327619691,406.931098539221,360.086126825973,35.8925103436629,41.0024487038757,0.205966254031049
"125",71,111,6001,"11171",5737,0.956007332111315,3344,0.557240459923346,NA,NA,19.8755207465422,417.628561906349,47.0861523079487,3683.23296117314,432.69305115814,406.054157640393,31.4445925679053,42.4875854024329,0.258944245986104
"126",72,25,3455,"2572",3341,0.967004341534009,786,0.227496382054993,NA,NA,15.0578871201158,147.624312590449,33.6092619392185,2104.38031837916,295.977713458755,317.29001447178,34.6474674384949,35.224023154848,0.230469557603131
"127",72,37,293384,"3772",234001,0.797592915769094,119901,0.408682818422272,4281,0.0145917977803834,24.5341429662149,193.44312914133,28.7330665612303,2326.16004962779,307.73845881166,299.730459057072,33.4456377989256,42.3677398903826,0.301850647202826
"128",72,59,108920,"5972",92723,0.851294528094014,53650,0.492563349247154,1850,0.0169849430774881,21.1391388174807,203.378139919207,28.9389643775248,2390.91543334557,307.000229526258,297.472686375321,30.4003305178112,41.3702809401396,0.29029021145761
"129",72,65,65674,"6572",54195,0.825212412826994,32480,0.494564058836069,777,0.0118311660626732,21.3423120260682,180.992767305174,27.9606998203246,2291.77423333435,301.228614063404,293.728248621981,32.4179127204069,42.8491335992935,0.237910353537836
"130",72,71,59454,"7172",47349,0.796397214653345,25331,0.426060483735325,769,0.0129343694284657,22.9588421300501,181.160039694554,27.7508998553504,2282.4946008679,301.487805698523,298.783210549332,31.9200894809433,42.8901840078044,0.207224326594352
"131",72,111,26672,"11172",20976,0.786442711457708,12872,0.482603479304139,324,0.0121475704859028,19.8672015596881,211.453059388122,28.4677189562088,2418.69413617277,307.783518296341,306.52275794841,31.9171790641872,41.3558788242352,0.267859733369955
"132",81,25,3167,"2581",2785,0.879381117777076,1138,0.359330596779286,NA,NA,8.59456899273761,335.470792548153,31.5011051468266,2991.1108304389,398.16387748658,380.539311651405,33.581622987054,41.2273444900537,0.114874545426739
"133",81,37,233189,"3781",195686,0.8391733743873,103896,0.445544172323737,3115,0.0133582630398518,26.8017916797105,351.91462719082,32.831188435132,3015.27752595534,384.578607910322,353.103825652153,35.8325178288856,45.2318720008234,0.301403140270957
"134",81,59,73556,"5981",64921,0.882606449507858,32926,0.447631736364131,997,0.0135542987655664,24.8007232584697,378.38430583501,34.3720838544782,3150.2639485562,399.206210234379,370.512602642884,34.2815949752569,44.2727173853934,0.276931042933182
"135",81,65,40672,"6581",34245,0.84197974036192,17901,0.440130802517703,405,0.00995771046420142,22.5848987018096,336.520628442172,30.7957317073171,2918.83543961448,368.085587136113,346.778324154209,35.8689270259638,45.5935533044847,0.236158211418324
"136",81,71,35075,"7181",29222,0.833129009265859,14735,0.420099786172487,479,0.0136564504632929,22.9304632929437,372.481853171775,32.4366642908054,3116.87019244476,404.006642908054,377.390163934426,36.6505488239487,44.5737704918033,0.220471873169426
"137",81,111,14236,"11181",12877,0.90453779151447,8150,0.572492273110424,209,0.0146810901938747,20.340404608036,397.587173363304,33.3815678561394,3144.77332115763,397.507586400674,373.591739252599,32.7221831975274,41.8460944085417,0.298590865178261
"138",92,25,7601,"2592",7202,0.947506906985923,6220,0.818313379818445,NA,NA,18.3466649125115,1083.32982502302,39.4008683068017,3619.77200368373,447.493093014077,362.756216287331,40.9244836205762,51.9257992369425,0.114584846132152
"139",92,37,190834,"3792",184301,0.965766058459184,156173,0.818370940188855,2095,0.0109781275873272,27.0204837712357,789.567639938376,46.3675655281554,4085.142191643,494.717833300146,436.973128478154,40.0407055346532,50.4570411981094,0.247950377973391
"140",92,59,49873,"5992",48804,0.978565556513544,41368,0.829466845788302,452,0.00906302007098029,23.8446453993143,922.958775289235,46.842961121248,4148.16746536202,496.439095302067,437.857437892246,41.8094359673571,48.586830549596,0.246115572174321
"141",92,65,42973,"6592",41797,0.972633979475485,35462,0.825215833197589,351,0.00816791939124567,23.8506038675447,853.686966234612,44.6240430037465,4011.12412445024,486.984850952924,416.791217741372,41.5125311241943,50.3632513438671,0.20371872191025
"142",92,71,52752,"7192",51548,0.977176220806794,41330,0.783477403700334,153,0.00290036396724295,20.3438542614498,2737.85748407643,40.2509667879891,3144.71570746133,381.35881104034,340.820821959357,42.9606460418562,49.7670040946315,0.18812310844141
"143",92,111,21563,"11192",21430,0.99383202708343,17957,0.832769095209386,62,0.00287529564531837,19.1516486574224,1979.68172332236,49.1550804619023,3834.31637527246,452.011825812735,397.545564160831,41.5834995130548,49.2187079719891,0.247047258551976
"144",NA,25,184,"25NA",112,0.608695652173913,NA,NA,NA,NA,70.3913043478261,423.913043478261,59.7826086956522,3317.26086956522,400.521739130435,434.521739130435,39.6521739130435,29.3913043478261,0.119374155447456
"145",NA,37,33775,"37NA",27810,0.82339008142117,16555,0.490155440414508,381,0.011280532938564,26.7267505551443,379.901584011843,41.8456550703183,3019.75218356773,372.99615099926,358.040118430792,37.579304219097,47.279585492228,0.258117021025931
"146",NA,59,11008,"59NA",9135,0.82985101744186,7130,0.647710755813954,289,0.0262536337209302,26.6577943313953,424.963390261628,44.4798328488372,3294.09020712209,412.914425872093,391.401435319767,37.6574309593023,46.2384629360465,0.31500420928531
"147",NA,65,7158,"65NA",6687,0.93419949706622,4854,0.678122380553227,NA,NA,24.3150321318804,407.500977926795,43.3468846046382,3207.95948588991,399.023051131601,377.268790164851,36.8436714165968,46.998742665549,0.203745889186594
"148",NA,71,10429,"71NA",9211,0.883210279029629,4210,0.40368204046409,58,0.00556141528430338,26.5178828267331,310.50560935852,37.0501486240291,2760.80688464858,348.229360437242,336.198005561415,36.9742065394573,41.2745229648097,0.16963773286452
"149",NA,111,2537,"111NA",2498,0.984627512810406,1791,0.70595191170674,NA,NA,30.346078044935,328.149783208514,35.8821442648798,2776.36657469452,350.830114308238,339.2837997635,39.2372881355932,50.77729601892,0.314791545777206
